제목,리뷰,평점,날짜
매치스틱 맨,니콜라스 케이지 최고의 연기가 아닐까 ,7,22.04.20
비버리 힐스 캅 2,1편은 밋밋했는데 2탄은 좋아진듯 ,6,22.04.20
신비한 동물들과 덤블도어의 비밀,평점 왜 그래 그냥 이 영화는 에디 레드메인 나오는 것만으로 끝났음 ,10,22.04.20
앵커,각종홍보에서  이혜영님을 꽁꽁 감춘이유가 있었네요. ㅋㅋ  감독님의 섬세함이 좋았습니다. 배우분들은 두말할것 없구요.  천만가즈아~~~ ,10,22.04.20
신비한 동물들과 덤블도어의 비밀,기대를 워낙 안해서 그런가 볼만은함 ,6,22.04.20
더 배트맨,캣우먼이랑 오토바이로 앞서나가면서 꽁냥꽁냥하는 장면 왜 집어넣었나 싶다  다크나이트랑 너무 비교되더라 ,2,22.04.20
비버리 힐스 캅,에디머피아니였으면 이영화는 시리즈가시작을안했을듯 ,4,22.04.20
신비한 동물들과 덤블도어의 비밀,그린델왈드는 원래 섹시했다. 저 눈깔이면 진짜.. 킹정.. ,6,22.04.20
더티 해리,투박한게 오히려 장점인영화 ,6,22.04.20
신비한 동물들과 덤블도어의 비밀,그래도 배우들은 멋있음 ,7,22.04.20
약속의 네버랜드,초반에 오글거림만 버티면 이후는 볼만하다. 하나메 미나비 보고 영화 보러갔는데 이자벨라를 연기한 배우에게 눈길이 갔다. 괜찮은 연기력에 12부작인 애니를 112분 영화로 잘 요약했다. 실사영화는 너무 애니를 따라가려다 안 좋게 되는 경우가 많은데 이 정도면 괜찮게 만들었다. 2부 나오면 볼 의향이 있다. ,7,22.04.20
승리호,재미있지만 시간이 짧다. 스페이스 오페라로 발전하길. ,10,22.04.20
신비한 동물들과 덤블도어의 비밀,말할가치가없음 추억이 다 사라졌다 ,1,22.04.20
이상한 나라의 수학자,믿고 볼수있어 안정감이 더함 연기력 진짜 ,8,22.04.20
1987,이거 왜 이제봤지.... 진짜.... 최고 ,10,22.04.20
엄마와 나,정말 멋진 영화입니다. 더 많은 분들이 관람을 하시고 코로나로 얼어붙은 마음 녹이셨으면 좋겠네요. ,10,22.04.20
앵커,메***에서 강심장시사회라고 다녀왔는데 첨에 좀 겁 먹었었는데 뭐 그렇게 무섭거나 하진 않았음 ,6,22.04.20
모비우스,액션 연출이 꼭 박쥐들이 보는 세상을 연출하며 주파의 흐름 바람의 흐름을 보여주는 액션을 연출하여 모비우스만의 특별한 액션신들로 눈의 즐거움을 선사해준다. 스토리 짜임새는 현실적으로 느낄수있는 (억지스러운 외계등등 현실에도 있을법한 내용을 현실감 있게 표현한 부분) 모비우스의 탄생을 보여주는 흐름이 지루하지않게 시간이 지나갔다 안타까운것은 악당역을 맡은 배우의 연기력은 흠잡을수 없었지만 허무하게 죽어버리는 모습이 안타까웠다 ,10,22.04.20
선생 김봉두,앞으로 살날이 지나온 길보다 짧은 시점에서 다시 보니 개봉 당시 느끼지 못했던 감정들을 깨우네요...웃기면서도 훈훈한 스토리에 자연스런 연기들...도시의 요즘 학생들은 느끼기 어려운 추억들...나이가 좀 들거나 시골에서 학창시절을 보낸  사람들에게는 명작으로 꼽는데 주저함이 없을 것이라는 생각이 듭니다. ,9,22.04.20
야차,완전 재밌는데?? 이거 왜 평점이 이래?? ㅡㅡ 완전 몰입하면서 봤는데 ,10,22.04.20
앵커,몰입도 최고~! 배우님들의 신들린 연기에 소름! 스토리도 짱짱! 너무 재밌게 잘 봤습니다. ,10,22.04.20
언더 씨즈,아늬 진품명품 브금이 언더씨즈 가 원조였음? ,10,22.04.20
신비한 동물들과 덤블도어의 비밀,이걸 146분씩이나 하다니 해리포터 시리즈 중 가장 재미없었음 ㅠㅠ ,1,22.04.20
야차,킬링타임용으로 재밌게 봣음 왜이렇게 평점이 낮지?? ,10,22.04.20
선생 김봉두,,10,22.04.20
세자매,다들 연기파 배우들 아니랄까봐 아.... 오랜만에 찡하게 잘봤습니다 ,10,22.04.20
신비한 동물들과 덤블도어의 비밀,진짜 공부하기 싫은데억지로 시켜서 5등급 성적표 받은느낌이건 진짜 개 역작쓰레기 입니다.해리포터랑은 제발 비교하지마시구요.여러분 인생 낭비하지마세요 이런 쓰레기보면서 ,2,22.04.20
더 배트맨,핵노잼 빵형 우주영화급 지루 졸림 뽀뽀는 맥락없고.. 폭망 화려함 제로 단순 퇴보함 감독 에휴 캐스팅 그지 돈아깝 ,1,22.04.20
드래곤 퀘스트 유어 스토리,뭐 넘어가고 결말이야기만하자면 굳이 너도알고 나도아는 내용을 굳이 초치면서 말하는 듯한 느낌이다 저게 극의 완성도에 기여를 하나 싶은 의문이 든다 그냥 어디 덕후들 생각나서 잘난척을 하는거같은데 그닥 ,6,22.04.20
로스트 시티,방금 보고 나왔는데 진짜 딱 팝콘무비임 배우들 케미도 좋고 브래드 피트도 웃겼음 ㅋㅋㅋ 마지막에 쿠키 하나 있음 ,8,22.04.20
앵커,"오늘 아침에 보고왔습니다. 뭐랄까요. 재미와 긴장감은 있기만 뭔가 살짝 아쉬운느낌..?미스터리이긴 하지만 열린 결말아니고 답있는 결말도 저한테는 좀 아쉬웠네요.영상미와 스토리는 괜찮았습니다. 긴장감도 어느정도 유지하고 있구요.아쉬움,슬픔, 욕심이 스스로에게 장애로 되어가는 모습이 뭔가 주변에 쉽게 볼수있는 사회를 본 것 같습니다. ",7,22.04.20
"안녕, 티라노: 영원히, 함께",,10,22.04.20
신비한 동물들과 덤블도어의 비밀,저는 17일날에 보러 갔는데 일단은 영화 퀄리티는 좋습니다.. 그치만 이번 시리즈는 확실히 덤블도어 라는 마법사 얘기를 담은거는 맞는데.. 스토리가 앞뒤가 뒤죽박죽이고 이번 시리즈에 조니뎁 배우분이 아니고 다른 배우분이 하닌까 몰입감이 좀 별로였어요.. 그치만 재밌게 보고 후기 남깁니다.. ,10,22.04.20
로스트 시티,정글에서 살아남기 영화 버전 나름 볼만합니다빵형 사랑합니다 ,10,22.04.20
신비한 동물들과 덤블도어의 비밀,불면증있으신분들보세요 치료됩니다 ,1,22.04.20
로스트 시티,괜찮은 내용과 재치있는 위트 ,10,22.04.20
태극기 휘날리며,이게 20년전 영화라니 세번 네번 봐도 울듯 ,10,22.04.20
앵커,"요근래나온 한국영화 중에서 제일 재밌게 봄. 초반 설정이 조금 현실성이 빠지긴하는데, 극후반의 요소로 개연성 확보가 되었음. 각종 상징적인 매개체들도 적재적소에 잘 배치하였고, 감독이 정신의학이나 심리학에 신경쓴 부분도 많이 보여서 좋았음. 그리고 다양하게 해석가능한 메시지도 있었고, 사회적 병폐까지 잡아낸 것까지 성공했다고 생각함. 개인적으로 두시간과 돈 만원이 절대 아깝지 않은 영화였다는 소회를 밝힘. 매우 추천 ",10,22.04.20
야차,볼만하네요  재밌음!! ,10,22.04.20
로스트 시티,재밌어요 그냥 킬링 타임용입니당 ,10,22.04.20
나이트메어 앨리,,9,22.04.20
태어나길 잘했어,강진아 배우님 보고 싶어서 보았습니다. 어릴적 아픔을 어루만지는 이야기가 짠하고 따뜻했습니다. 영화는 좀 졸렸습니다. 연출이 좀 루즈했고 강진아 배우님 말고는 연기가 어색했어요. 의미있는 이야기였지만 기술적인 성장도 있으면 좋겠네요... ,6,22.04.20
신비한 동물들과 덤블도어의 비밀,전편보다 재밌었고 특히 전투씬이 인상적이었음. ,8,22.04.20
콘스탄틴,이걸 왜 봄? 쓰레기 영화 ,2,22.04.20
앵커,"진짜 재밌게 봄! 연출, 연기, 내용 모두 좋았음. 근데 좀 공포 강도가 높아서 무서운 영화 잘 못 보시는 분들은 마음 단단히 먹어야 할듯! ",10,22.04.20
앵커,보다가 잠들었습니다 z z Z ,1,22.04.20
앵커,넓은영화관에서 혼자 관람하니 겁나 재밌음@~@ 심장이 콩딱콩딱하네 ,10,22.04.20
해적: 도깨비 깃발,한효주.채수빈같은 악녀들의 노예가 되고 싶당~ ,5,22.04.20
야차,좌파영화도 불편한데목적이 불투명하니까 긴장감도 없고 긴장감이 없으니 몰입도도 떨어지고 넷플릭스로 오징어 지옥 뭐 기타등등 해외에서도 성공을 많이 해서 그런가이걸 해외에서 한국에서 만들었다고 볼꺼 생각하면 너무 창피함 ,1,22.04.20
언니,갈수록 통쾌함보다 보면서 계속 성질나는 영화네..교훈도 없고 피해자들은 당하고 도망만 다녀야되는겨? ,1,22.04.20
신비한 동물들과 덤블도어의 비밀,스토리가 흥미롭지 않고 좀 지루... 해리포터 의리로 봤습니다~ 마법 액션씬은 놀랍고 좋았어요!! 해리포터 세계관 못잃어....4편도 제작해주세요 ,6,22.04.20
더 배트맨,배트맨 외 남성 캐릭터 사용이 너무 아쉬웠어요~ 죽어나가는 남성 너무 많고 감독이 남성 혐오자인듯~ 여성 캐릭터는 아니카 한명 밖에 안죽었더라구요. 와중에 흑인 여성 시장 당선! 피씨 만세! 감독님 체고! ,6,22.04.20
야차,평점이 생각보다 낮네요.. 저는 재밌게 봤어요:) ,10,22.04.20
앵커,그토록 원하던 것에 처절하고 눈물겹게 잠식될 때 ,8,22.04.20
언덕길의 아폴론,카오루와 센타로의 우정이 감동적이었다. 서로의 아픔을 공감하고 음악으로 이어질 수 있다는 게 멋있다! ,8,22.04.20
앵커,흠쪼매 머가 좀그렇다하고해랴하나 ,2,22.04.20
더 배트맨,"배트맨 리부트 좀 제발 그만, 어벤져스 흥행공식을 보고서도 이런 짓은 범죄임. ",2,22.04.20
당신은 안개꽃,1988년 국딩때 광주기독병원에서 우뢰매 데일리누나를 실제로 만난영화 ,10,22.04.20
더 배트맨,난 솔직히 너무 꿀잼이었음잠 4시간 자고 가서 조조로 7시꺼 보는데 ㅋㅋ졸리긴했어도 계속 몰입해서 봄. 너무 잘 봤던 영화 ,10,22.04.20
야차,"당최, 어떻게 이렇게 허접하게 만들수 있을지.배우들의 연기도 너무 긴장감이 없고, 일본정보원의 아지트 액션씬은 너무 유치하고, 클리셰 범벅인 영화. 이엘이 이렇게 매력이 없어 보이기도 힘들었고 양동근은 연기 하지 말아야... 끝까지 보기 힘들었던 영화 ",5,22.04.20
B컷,이걸 돈주고 본사람은 없겠지 ,1,22.04.20
문폴,후반부는 볼만했는데 의미도 없는 중국배우 출연과 어정쩡한 신파는 평점 까먹기 딱좋네 ,7,22.04.20
야차,"보는데..너무 현실성이 없어서..집중이 안됨.. 중국 심양이 무슨 무법도시도 아니고.. 총에 사람이 죽어도.. 너무 잘돌아 다니고.. 연기는 다 좋은데.. 스토니,연출이 너무 급하게 만든 거 같음.. 보는데..재미가 없어서.. 그냥 끌까하다..꾹 참고 다 본 내가 좀 끈기있는 놈이라고 칭찬했음~ ",1,22.04.20
신비한 동물들과 덤블도어의 비밀,4d로 봐도 유튜브가 조금 더 재밌었음 ,1,22.04.20
모비우스,,10,22.04.20
정글히어로,아이들은 재미있어 하네요 ,7,22.04.20
더 배트맨,게임하는 듯한 시점과 전개는 좋았으나 올드한 연출은 지루했다 ,6,22.04.20
베티블루 37.2,프랑스작가지망생의 성생활을 들여다보다.. 영상미 좋고 베아트리스 달은 관능적이고 온도는 뜨끈하다. ,7,22.04.20
에코 플래닛 3D : 지구 구출 특급 대작전,태국 애니는 처음인데 그런데로 무난 ,6,22.04.20
그랜 토리노,10점 만점에 10점 !!!! ,10,22.04.20
스파이더맨: 노 웨이 홈,마블 믿고 있었다구!!! 그동안 소니가 손만대면 망한 스파이더맨 영화들을 이렇게 살려주다니 ㄹㅇ 연기는 말할필요없고 스토리와 연출이 끝내준다. 와.... 다음 작이 너무 기대됩니다. ,10,22.04.20
극장판 귀멸의 칼날: 무한열차편,운좋게 더빙 시사회 당첨쓰!!! 진심.. 미쳤다... 성우분들 존경한다..어느 하나 빼놓을 것 없이 완벽했다! 댓츠 갓벽.. 진짜 존경합니다들ㅠㅠ ,10,22.04.20
해적: 도깨비 깃발,한효주배우님 연기 언제나 짱!!!   재미있게 잘 봤어요~ ,10,22.04.20
신비한 동물들과 덤블도어의 비밀,해리 포터 세계관의 연장이 끝나지 않았으면 ,8,22.04.20
에스코바르,힘의 논리로 돈을 정복한 짐승의 인간적인 면모를 보다. ,8,22.04.20
야차,나만 재밌게 봤나보네 난 잼났음 ,10,22.04.20
신비한 동물들과 덤블도어의 비밀,너무 컴컴해서 ㅠㅠ 눈이 아팠음. 마지막 10분만 재밌었음 ,4,22.04.20
신비한 동물들과 덤블도어의 비밀,팬심으로 보기엔 적당하지만 단독으로 보기엔 좀 애매한 것 같네요몇몇 액션씬은 좋았습니다 ,7,22.04.20
신비한 동물들과 덤블도어의 비밀,한 20분은 줄였어도 되지 않을까... ,7,22.04.20
B컷,와....이게 9.35라니 ㅎㅎ 완전코메디16분30초 44분15초64분35초 65분55초그리고 나비문신 이것만 기억남 ,1,22.04.20
로스트 시티,인생 최악의 영화. 어떻게 개봉을 했는지 의문이네요. ,1,22.04.20
패러렐 마더스,현재에서 미래로 나아가기 위한 토대는 과거 ,8,22.04.20
더 배트맨,이것이 DC comics 의 진정한 배트맨 ,10,22.04.20
앵커,노짱 그립읍니다ㅠㅠㅠㅠ ,10,22.04.20
더 배트맨,지루해서 죽는줄 알았다... ,1,22.04.20
돈 룩 업,,10,22.04.20
세자매,"문소리 배우님, 뭔 연기를 이렇게 잘하냐.. ",10,22.04.20
버닝,,2,22.04.20
야차,반일이고 뭐 정치색이고 그딴거 다 떠나서 그냥 개연성이 없음. 뭔 애들이 다 기습은 하면서 총은 쏘지도 않고 총구만 겨누다가 역관광 당함ㅋㅋㅋ ,1,22.04.20
더 배트맨,"지나치게 다크한 분위기, 역대 최약체 배트맨, 스토리는 탐정물 ",7,22.04.20
더 배트맨,역시나 망작..3시간내내 지루해 미치는줄...캣우먼은 왜 흑인이냐..007 본드걸도 그렇고 요즘 대놓고 흑인쿼터제가 아주... ,1,22.04.20
판도라,쓰레기 정권의 양념 감상포인트 없음 그나마 OST ,1,22.04.20
케이블 가이,이영화의 교훈1. 사람은 고쳐쓰는게 아니다.2. 친구를 잘 사귀자.3. 공짜 좋아하지 말자. ,6,22.04.20
몬스타엑스 : 더 드리밍,,10,22.04.20
듄,듄. .2변 개봉할때. .다시봐야할듯. . .재개봉해주세요. . ,10,22.04.20
마지막 게임,올해 본 최악의 영화 시간낭비 ,1,22.04.20
수퍼 소닉2,소래곤볼을 찾아 나선 수퍼 소이아인 ㅋㅋ ,7,22.04.20
타이타닉,세상의 왕이라더니. 원나잇녀의 희생물에 불과했네. ,4,22.04.20
신비한 동물들과 덤블도어의 비밀,이거 돈주고 볼바에 닥터스트레인지2 봅니다 ,6,22.04.20
앵커,시사회로 먼저봤음 천우희 연기 오랜만에 봤는데 역시 잘하고 이혜영 배우님 연기가 진짜 차분하면서 소름돋음 하균신은 말이 필요없었고 마지막 반전이 진짜 생각치도 못해서 소름돋았었음 ,10,22.04.20
야차,세스코는 언제 중국진출함? ,4,22.04.20
고양이들의 아파트,고양이는 신의 완벽한 선물 사랑입니다~♡그들에게 눈을 마주쳐주면 내가 행복해미소가 절로 나올겁니다아낌없이  주고픈 사랑스런냥이... ,10,22.04.20
앰뷸런스,스토리는 말도안되는데 기대안하고 봐서 그런지 중간중간 웃기고  아무생각없이 보기 좋아여  여주인공 넘 이쁨 ,10,22.04.20
신비한 동물들과 덤블도어의 비밀,휴대폰을 자주 확인하게 됨 -> 벌써 끝일까봐 뭔가 뻔했고 엥 이게 끝이라고 싶었음. 어릴 때 향수를 떠올리며 본다면 괜찮을듯 ,4,22.04.20
극장판 주술회전 0,미쳤어여 또 보러갈거에여 진짜영화관에서 보는 그 웅장함과 감동을 평생 잊지 않도록 하겠습니다 ,10,22.04.20
태어나길 잘했어,"눈물도 흘리고 감동받던 중마지막 끝나기 전에 어떤 계기로, 무슨 상황때문에 태어나길 잘했다라는 메세지를 춘희가 받은건지조금 이해가 가지 않았습니다.급전개 부분을 조금 더 잘 풀어내었으면더 진한 감동으로 다가왔을 것 같은데 아쉬웠지만 좋았습니다. ",8,22.04.20
모비우스,아니 왜이렇게 평점낮지? 이번해는 이 영화가 제일 재밌던데; 물론 스파이더맨4를 이길수는 없고... 신비한동물사전3보다 10배는 재밌고 배트맨보다 50배는 재밌던 영화. 전개 빠르고. 제가 제일 중요하게 여기는 개연성도 좋고. 왜 평점이 낮지? ,10,22.04.20
성난황소,내 여자를 지킬 수 있을 정도의 힘을 키우자..!! ,9,22.04.20
코다,다른 말이 필요없다. 2021년 최고의 영화!! ,10,22.04.20
블랙라이트,"220420[6]어디서 계속 보던 스토리/음모/전개 , 그렇다고 테이큰 처럼 액션이 특출난것도 아니고, 요즘 니암표 영화는 계속 이런식이더라. 이렇게 좀더 가면, 개인적으로는 믿고 거르는 쪽으로 갈것 같음. 더 찾아보니, 감독도 20년도에 같이 했던 사람이네. ",6,22.04.20
화이트데이: 부서진 결계,차라리 언차티드가 더 재밌네 ,10,22.04.20
신비한 동물들과 덤블도어의 비밀,이전 신비한동물사전이 100배재밌음 ,1,22.04.20
신비한 동물들과 덤블도어의 비밀,이제 신동사 시리즈는 손절 할 때가 된 것 같다... ,4,22.04.20
신비한 동물들과 덤블도어의 비밀,너무유치하고 단순하고 재미없네요 ,2,22.04.20
야차,이거 보다가 용의자 봤는데 용의자 명작느낌.. 좋은 재료 다 갖다놓고 미국식 국밥 만든느낌..보면서 재미없다고 느낌 ,4,22.04.20
북클럽,제인폰다 80대 를 훨씬 넘었는데도 날씬하니까 젊어보이고 어렸을때부터 나의 최고로 좋아했던 여배우중 하나였던 캔디스버겐이 더 젊은 나이인데도 뚱뚱하니까 나이들어보이고 그 사람을 완전 끌리게 하던 매력이 온데간데없이 사라져버렸더라.2005년 레드카펫에서 봤던 카트린느드느브의 뚱뚱하고 볼품없어진 몸매보고 완전 실망했듯이ㅜㅜ ,10,22.04.20
테이큰 3,액션이 리암도 늙어서 화끈하지는않네 ㅜㅜ ,8,22.04.20
더블 타겟,몇번을봐도그냥재밌다 ,10,22.04.20
더블 타겟,몇번을봐도그냥재밌다 ,10,22.04.20
미 비포 유,2번째 보는날 다시보니 내인생을 다시설계하게 됐다 이런 명화를 보고나면 내삶을 돌아보게된다 ,10,22.04.20
루이스 웨인: 사랑을 그린 고양이 화가,그림같이 아름다웠던 영화. 평범한 줄거리이나 루이스 웨인이란 사람을 이해하기엔 머누마 좋았던 영화. 배우들의 영기 연출 영상미 너무 좋았다. ,9,22.04.20
더 배트맨,이제는 배트맨을 배트맨 자체로만 봐서는 안 된다인물과 스토리와 배경을 얼마나 잘 버무리는냐로 판단해야 한다정말 잘 버무려진 비빔밥을 먹은 기분이다 작은 화면으로 본게 안타깝다. ,9,22.04.20
더 배트맨,이게 원래 DC 라는애들 슈퍼히어로물 영화볼거면 딴거보라는 애들상업영화는 장르불문하고 일단 재미가 있어야되는데...  액션영화고 만화원작이고 배트맨이고 블록버스턴데...배트맨이라는 캐릭터 제외하면 이게 진짜 잘만든 영화라고 생각함?  지루해서 화가날정돈데각자의 캐릭터가 열심히 소리는 지르는데 왜지르는지 도저히 알수가없음 역대이렇게 느리고 무능한 베트맨이잇엇나 싶다   결국 어떤살인도 어떤 테러도 못막고 3시간을 음악에 나래이션에 과거회상에 다햇는데 차시동음말고 뭐하나 남는게없음 ,2,22.04.20
죽지않는 인간들의 밤,아무 생각 없이 보기 좋은 영화. 피식 포인트가 몇군데 있다 ,6,22.04.20
야차,이개뭐야? 억지로 만들거면 하지마 ,1,22.04.20
모비우스,재밌음.. 다음 영화가 너무 기대되는 영화ㅇㅇ ,10,22.04.20
에덴의 동쪽,부자유친 서로가 인정해줘야지 교감은 상호작용 소통이라고 해야하나 ,10,22.04.20
원더풀 라이프,명작의 가치는 시간이 지날수록 빛을 발한다 ,9,22.04.20
수퍼 소닉2,수퍼소닉1에서는 재미없었지만 요번에는 완전 악당하고 싸우는 것이 재미있다 ,10,22.04.20
블랙 크랩,우리 솔직하자. 이게 재밌냐? 난 북유럽 영화를 좋아하는 편이고 주인공도 좋아하는 배우라 믿고 봤는데 도대체 이 영화에 별을 더 줄 수가 없다. ,2,22.04.20
더 배트맨,"다크나이트는 철학적이었지만, 더 배트맨은 기교만 내세운다. 그럼에도 볼거리가 충분하므로 별점은 높게 준다. 10점짜리 조커를 능가하진 못했지만 8점 정도가 적당. 3시간이 잘 흘러갔다. 명작까진 아니고 수작 정도? ",8,22.04.20
봉오동 전투,유해진 나이스 연기!! ,10,22.04.20
야차,쓰레기 반일 영화 역시 한국 영호ㅓ으ㅏ 한계 ,1,22.04.20
스파이더맨: 노 웨이 홈,총집합인데.... ,6,22.04.20
더 배트맨,"배트맨이라 쓰고 하드보일드 누아르라 읽는, 역대 배트맨 영화들 중 내 원픽 ",9,22.04.20
야차,한명이 아직도 감빵생활찍고있음 ,2,22.04.20
신비한 동물들과 덤블도어의 비밀,역시 jk롤링작가!! ,10,22.04.20
신비한 동물들과 덤블도어의 비밀,"극적인 전개나 반전만 없을 뿐이지, 화려한 영상미와 배우들의 연기력, 잔잔한 감동과 잔잔한 웃음 포인트로 지루함 없이 즐겁게 관람했어요. CGV 스타디움 관람 추천!! ",10,22.04.20
더 배트맨,너무 재밌게 봤어요!! ,10,22.04.20
신비한 동물들과 덤블도어의 비밀,주말에 아이맥스로 보고왔는데 영화가 너무 형편없어서 안보시길 추천드립니다 ,4,22.04.20
커밍 홈 인 더 다크,"89년생인데 이거 스트리밍으로 보다가 잠깐 일시정지하고 그선생이름 그초등학교 홈페이지 들어가봄.. 그년이 아직있나해서,, 없다면 초1인지 초2인지도 가물가물하지만 초딩들 8명을 시켜서 가구를 고층에서 저층으로 옮기다 제일 선봉에서 옮기던 내가 친구랑 떠들고 웃다가 가구가 갸우뚱했을때 전원 멈추라고하고 내 머리통을 사정없이 후려치고 후려치던 그년. 그게 초1에서 2사이에 일이고 정확히 초3때 먼곳으로 전학갔을때 어떻게 알앗는지 집으로 편지를보내옴, 지도 생에 첨으로 제자한테 손지검을 했던거였을까?내용은 별거없음 그냥 내제자였는데 멀리 전학가게되서 섭섭하다 잘지내고 어쩌고 저쩌고.. 당시 10살쯤 이었지만 용서가안되서 편지를 찢고 웃기고있네 하고 끝났지만 이나이가 되서 다시 생각해보니 참 찢어죽여도 시원찮을년. 너는 알아볼수도없게 늙었겠지만 만약에라도 기회가되서 나만나면 얼마 남지않은 인생 다살았다고 보면 된다 ",10,22.04.20
매그니피센트 7,마지막 전투를 위한 영화. ,10,22.04.20
협상,,2,22.04.20
바닐라 스카이,"21년 전 개봉했을 당시에 보고, 그 후로도 몇 차례 더 보고, 오늘은 또 아직 안 본 아내를 위해 다시 봤다. 처음 봤던 20살 때와는 다르게 느껴지는 것들이 많다. 그리고 그동안 살면서 일어났던 기적 같은 일들이나 악몽 같은 일들을 돌이켜 볼 때, 그리고 예전과는 많이 달라진 지금의 삶이 가끔 낯설다고 느껴질 때, 이 영화가 생각난다. 중학교 때 자전거 타고 가다가 버스랑 박아서 일주일 동안 사경을 헤매다가 깨어났었는데, 그 사건의 전후가 기억에서 송두리 째 사라진 것도, 당시 처음 갔던 병원의 의사가 아버지에게 `아들 죽었습니다'라고 말했다는 것도, 또 생각지도 못했던 외국인 아내와 지금 행복하게 살고 있는 것도 모두 이 영화처럼 아주 길게 이어지는 호접몽이 아닐까라는 생각이 든다. 그래서인지 개인적으로 참 와닿는 게 많고 가깝게 느껴지는 영화이다. ",9,22.04.20
야수,결말 최악 입니다 ㅜ~~ ,1,22.04.20
기억의 밤,한국에도 이런  영화가 와우~ 스토리 탄탄하고 연기좋고 재미있고 굿 ,10,22.04.20
뜨거운 피,직이네예 ㅎ연기좋아요 ,9,22.04.20
미스트,잘봤는데 아들이 꼭  괴물로부터 지켜달랬는데 총으로 아들 쏘고  아빠 혼자 살은거 그 과정이 너무 짧아 허무하네요  괴물과 싸우는게 나올지 알았더니.  결말은 다르지만 전체  전개가  어느 좀비 영화랑 비슷한 느낌 ,10,22.04.20
더 배트맨,역대 최악의 배트맨이다   매력없는 주인공 형편없는 각본  벤 애플랙은 걍 꺼저라  dc 좀 살아나나했더니 다시 엉망이구만  안되는 애들은 이유가 있어 마블은 디즈니가 말아먹고 있고 요새 영화들 먼 90년대보다 재미없냐 ㅋ ,2,22.04.20
더 배트맨, 인생작정말 재미있는 영화 꼭보세요 추천 ,10,22.04.20
미스트,다 좋은데 결말이 ㅈㅁ이다. 보고 후회함 ,1,22.04.20
셰터드,이 영화는 초반부터 무슨 내용인지 다 알고보는 느낌 눈치 못 챘으면 진짜 둔한거고 억지 과장 짜집기 ㅋㅋ개판임 암걸리는 진따호구 모지리 할배ㅋㅋ 1점?여주 미모에 줬다치자 ,1,22.04.20
야차,무지막지하게  재미없음 ,3,22.04.20
코다,솔직히 클리셰 범벅인데 또 보다보면 눈물남.. 근데 상식적으로 오디션이 너무 허술한거 아닙니까 ㅋㅋㅋ ,8,22.04.20
미스터 고,주인공부터 짱깨ㄴ 소녀라도 거부감 쩌네 애시키 짜증낼때 짱깨스럽다 진짜 ,1,22.04.20
마틸다,"오, 너무나 사랑스런 마틸다! ",8,22.04.20
더 배트맨,맷리브스가 이를갈고 칼을갈고 정신을 갈아 만든 수작! Dc는 방향을 확실히 잡아라! 어설픈 마블 따라잡기 하지말고! 리들러 아캄어사일럼 에서 대면씬 ... 방파제 무너지는씬! 그리고 리들러와 조커 대화씬! 더 설명할 필요없겠지? ,10,22.04.20
"안녕, 나의 소울메이트",중국영화에 이런 감성이 있었다니...먼훗날우리부터 소울메이트까지 둘다 너무 흥미로웠음 +주동우 최고....☆ ,8,22.04.20
작전,재밌게 잘만들었네유 ㅎㅎ ,8,22.04.20
안테벨룸,신안섬 염전노예 미국판. 그놈의 인종차별 드립 이젠 지겹다 ㅡㅡ. 흑인들도 황인종 차별하면서 차별 당하는 건 싫은갑지?ㅋ ,6,22.04.20
듄,영상미 만족.나머지는 그저 평타로... ,7,22.04.20
매트릭스,Sensational. ,10,22.04.20
너의 이름은.,보고 나서 여운이 너무 남았습니다. 어찌 이리 표현과 감정을 잘 전달했을까 감탄만 나옵니다. 영화 OST는 정말 신의 한 수.. 만들어 줘서 감사합니다. ,10,22.04.20
앰뷸런스,이미 정해진 뻔한 결말의 아쉬움 ,5,22.04.20
야차,그냥 맘놓고 볼만한데 ...?시즌투 나왔음 좋겠다 ,10,22.04.20
화이트 하우스 다운,몇 번을 볼만한 액션 최고의 영화죠. 미국 거부감 가진 사람들이 많아서 평점은 낮을지도. ,10,22.04.20
더 배트맨,팀버튼 이후 놀란의 다크나이트에서 다시금 되살아난 ip이기에 응당 다크나이트와 비교될 수밖에 없다. 리부트의 첫편이니 다크나이트 보다 배트맨 비긴즈와 비교했을때 색다른 재미를 선사하지만 빌런과 히어로의 매력이 옅고 얄팍하다. 배트맨의 원초적 컨셉-어둠의 탐정에 집중해 그린 것은 좋았으니 후속편은 다크나이트를 넘어설 수 있을까 기대해본다. ,7,22.04.20
이상한 나라의 수학자,파인딩포레스트를 너무 가져다 놨네요!!최민식님에 연기는 너무 좋았는데 ㅜㅜ ,8,22.04.20
이상한 나라의 수학자,파인딩포레스트를 너무 가져다 놨네요!!최민식님에 연기는 너무 좋았는데 ㅜㅜ ,8,22.04.20
자산어보,"국내영화중에 의미가 있고, 감동과 이야기가 있는 영화가 얼마 만이던가..작은것이라 함은 내 생각일 뿐이니큰게 작은게 되고 작은게 큰것이 될 수 있는건 내 마음인지라 살아 보건데 내 마음 둘 곳은 한 점에서 시작 하므로.. ",10,22.04.20
이상한 나라의 수학자,최민식 배우님한테 몹쓸짓 한 것 같은 기분너무 어거지자너..용두사미도 아닌 뱀머리에 지렁이 꼬리 ,4,22.04.20
야차,노잼인디 ....감독 작품들 전체적으로 노잼이었던 영화들이네 ,1,22.04.20
노바디 ,진지하게 최근에 본 영화들중에 최고였다 원래 액션영화중에 존윅이랑 이퀄라이저 두개를 제일 좋아했는데 이거까지 세개가 되버렸네 ,10,22.04.20
더 배트맨,중반까지는 기대보다는 괜찮음 중반 이후는 길고 지루함 ,5,22.04.20
패러렐 마더스,패러렐마더스 잘봤습니다 ,7,22.04.20
말임씨를 부탁해,잔잔하게 볼수있는 영화였어요. ,10,22.04.20
아무도 없는 곳,,10,22.04.20
야차,음..제가 영화 전문가는 아니지만 ㅎ많은 영화를 본 봐로는..심각한 수준은 아니고 2.5 정도 되는거 같아요.1시간 봤는데.. 집중은 안되네요 ㅎ 그리고 위에 감독 까시는분 ㅎㅎ이 감독 그래도 유명한 영화 나름 찍는분 이에요ㅎ영화 잘 모르시네요 ㅎ ,4,22.04.20
다이 하드,안봤으면 빨리봐라 이런 씹 명작 볼 기회는 더더욱 없다 ,10,22.04.20
잭 리처,평점 8은 되어야하는것같은데 ,10,22.04.20
더 배트맨,짙고 끈적끈적하고 어둡고 축축하고 두렵고 깊고 외롭고 ,10,22.04.20
더 폰,긴장감 있게 잘 달렸는데 반전이 그 긴장감 확 깨버리네. 소중한 사람들 곁에 있을 때 잘하자. ,7,22.04.20
올드,진짜 이러지 말자...시간 아까움. 넷플릭스 에서 삭제 ㅎ ,2,22.04.20
해리 포터와 마법사의 돌,,10,22.04.20
데자뷰,사전정보 취하려말고 그냥 일단 봐라. 긴말이 필요없다. 명작이다. ,10,22.04.20
야차,난 잼있었눈데 평점 왜이래 ,10,22.04.20
블레이드 러너 2049,아쉽다. ,7,22.04.20
더 배트맨,다크나이트 정도는 기대하지 않았는데... 빌런이 너무 임팩트가 낮고 스토리가 뭔가 매끄럽지 못한 느낌.. 그래도 색다른 배트맨을 본걸로 만족 ,7,22.04.20
"다만, 널 사랑하고 있어",아무런 기대도 안 한 채로 봤는데 중반부부터 오열할 정도로 여운이 강하게 남았어요. 인생 작품이 될 것 같습니다. 기억에 남는 대사는.. '내가 좋아하는 사람이 좋아하는 사람을 좋아하고 싶었어' ,10,22.04.20
살인의 추억,그때는 몰랐다. 대한민국을 넘서 세계에서도 이정도 스릴러 찾기 힘들다는것을. 시멘트 공장씬은 당시 대한민국 영화가 맞나 싶을정도의 그림이었다 ,10,22.04.20
신비한 동물들과 덤블도어의 비밀,,10,22.04.20
악녀,뭘 자꾸 따져 ㅡㅡ 저는 진짜 재밌게 봤습니다 액션 장난아님   글고 옥빈이너무이쁘다… ,10,22.04.20
반지의 제왕: 반지 원정대,그저 내 어리고 젊은 시절에 볼수 있어서 행복했고 이 영화만 보면 영화의 감동과 함께 나의 아름다웠던 젊은 시절의 추억과 그리움이 곂쳐진다 ,10,22.04.20
문폴,말도 않되는 내용이지만 재밌게 봤다 이 영화를 보고 우리 엄마가 내가 생각하는 이상으로 얼마나 나를 사랑하는지 알게 됐다 부끄럽지만 사랑해요 엄마 ,7,22.04.20
올드,기괴함 그 자체 굳이 인물들을 그렇게 기괴하게 만들어야 했을까라는 의문이 듬 개성이 별로없고 그냥 이상하다는 생각밖에 들지않음 ,2,22.04.20
소스 코드,"다시 보니 너무 재밌습니다. 2011년 개봉 후 벌써 2022년, 10년도 지났습니다. 아빠가 아픈지 2년이 지났습니다. 아프기 전에 영화를 봤을 때도 얼마나 재밌었던지요. 지금 다시 보니 재밌기도 하고, 감회가 새롭기도 하고, 슬프기도 합니다. 우리 아빠도 아프지 않은 미래가 있었겠지요? 아빠가 단기기억상실에 걸려서, 가까운 것을 기억 못합니다. 지금도 2013년이라고 말씀하실 때도 많고, 아팠을 초기에는 30대인 저를 13살로 자주 착각하셨어요. 아픈 것이 현실이고, 바뀌지 않을 미래이지만...영화를 보는 내내, 아빠가 아프지 않았을 미래가 있으리라 생각하면 얼마나 슬펐는지 모릅니다. 다행이기도 하고요. 아빠가 소스코드에 갇힌 듯 과거에 살고 계셔서 다시 보니 감회가 너무 새롭네요. 제가 목숨을 버리더라도, 지금과 같은 미래는 어떻게 바꾸고 싶습니다. 아빠나 우리 가족은 좀 더 행복할 자격이 있다고 믿어요. 이러한 현실에 살다보니, 영화 주인공에게 많은 몰입이 되네요. 바꿀 수 없지만요. 부디 다른 분들도, 지금 평화롭게 살고 계시다면, 그 행복을 잘 느끼며 살길 바랍니다. 제가...우리 가족이 안타까워 하는 것처럼 여러분은 그러한 느낌을 느끼지 않았으면 좋겠습니다. 아빠가 살아 계신 것만으로도 기쁘고, 좋지만...그래도...시간에 갇혀 사시는 걸 보면...애잔하고 슬픕니다...제가 과거에 가고 싶을 정도로요...다들 행복하세요. ",10,22.04.20
타이타닉,이런영화가 많으면 좋겠어요..영원한 감동과 느낌.. ,10,22.04.20
생일,영화관에서 봤습니다.어떻게 잊나요....아직도 저는 고통속에서 살아가고 있습니다.잊지말아요. ,10,22.04.20
노바디 ,비현실적인데 핵사이다! 뭔가 미국이 러시아 다 쓸어버린다 이런거 보여주고 싶었나?! ,10,22.04.20
사쿠란,기대보다 지루했다. 색감이 화려한 점은 좋았다. ,8,22.04.20
월-E,,10,22.04.20
신비한 동물들과 덤블도어의 비밀,음... 머글은 비추합니다..ㅠㅠ 너무 졸렸던 시간 ,4,22.04.20
동주,마지막에 나오는 연표가 많은 생각을 하게 하며 눈물을 짓게 했습니다. ,10,22.04.20
여고괴담 여섯번째 이야기 : 모교,꼴펨돼지들이나 재밌게 처볼 망작 ,1,22.04.20
루이스 웨인: 사랑을 그린 고양이 화가,"너무도 처절했던 한 예술가의 일대기를 마치 핑크빛 로맨스물처럼 홍보한 것에는 괴리감이 들지만, ""사랑을 그린 고양이 화가""라는 부제가 아주 터무니없진 않은 듯. ",7,22.04.20
신비한 동물들과 덤블도어의 비밀,내게는 조금 벅찬 덤블도어의 사랑 이야기 ,6,22.04.20
카센타,저예산영화특: 시시껄렁한 결말 비추누르는 년 애미디짐 ㅅㄱ ,1,22.04.20
배니싱: 미제사건,재미 드럽게 없네.... ,2,22.04.20
림 오브 더 월드,,7,22.04.20
싱 스트리트,행복한 슬픔을 표현한 영화 ,8,22.04.20
더블 크라임,다시봐도 내 인생에 최고의 영화로 자리매김하고싶다.인생은 새옹지마...사필귀정이다. 요즘 내 상황과 겹쳐보여 이렇게 통쾌한 결말일 수가 없네. 10점 그 이상에 영화 ,10,22.04.20
더 배트맨,배트맨 배우가 달라져서 걱정했으나.... 너무너무 재밌게 본 영화!! 다음 시리즈가 빨리 나왔으면 좋겠다~ ,9,22.04.20
이상한 나라의 수학자,아름다운 수학적 증명에서 감동 강박이 부른 무리수로 ,5,22.04.20
신비한 동물들과 덤블도어의 비밀,"악플이 많아서 걱정했는데, 기대를 너무 안한 탓인지, 난 재밌게 봤음! ",7,22.04.20
애프터: 관계의 함정,이 영화는 그냥 얼굴합으로 다 된다. 클리셰란 클리셰는 다 퍼부은 흔한 연애지만 둘이 붙여놓기만 해도 재미있어. 서로 마주 보고 좋아서 웃기만 해도 내가 행복해지는 영화. 그걸로 관람 가치는 충분하고 한 가지 불만은 아침 드라마도 아닌데 왜 거기서 끊는 거야?? 4편 당장 내놔 ,10,22.04.20
신비한 동물들과 덤블도어의 비밀,마법들이 화려해지고 간간히 나오는 동물들이 귀여운데..너무 간간히 나온다는게 문제였던 3편 이었습니다.. ,6,22.04.20
앰뷸런스,기대 안하고 보면 괜찮은듯 ,10,22.04.20
야차,한국영화에서 이정도면 300만 이상은 충분하다고 생각합니다지루할 틈없이 재미있게 봤네요스토리전개빠르고 액션도 나쁘지않아요~~ ,8,22.04.20
리벤져,,1,22.04.20
초능력자,고수는 꼬질해도 잘생겼어 별 2개는 고수 얼굴 나머지 2개는 외국인 배우들 연기 ,4,22.04.20
바람 바람 바람,간단한 킬링타임용으로 좋음. 그렇게 깊진 않지만 마냥 가볍지도 않고 간혹 있을법한 이야기들을 토대로 말하는게 좋았음.제일 좋아하는 장면은 마지막 롤러코스터를 무표정으로 타는 장면인데 인생의 굴곡진 롤러코스터를 타더라도 그냥 그러려니 하고 무덤덤하게 넘기는 장면같아서 좋아함 ,10,22.04.20
더 배트맨,역대 시리즈 중 최악 ~지루 그 자체 ,6,22.04.20
이상한 나라의 수학자,최민식님 연기 눈물났습니다  역시 최고 ,10,22.04.20
산책하는 침략자,영화 제5원소에서 빠진게 정작 제5원소인데 여기에 있다 ,7,22.04.20
올드보이,군만두로 사설감옥을 찾는 다는 설정은 말이 안된다. 감독이 중식업계를 잘 모른다는 얘기다. 중식집의 만두는 보통 만두 식품 공장에서 만들어서 그 지역 여러 개의 중식당에 납품을 한다. 맛이 모두 같거나 비슷 비슷하다는 얘기다. 남주가 다른 설정으로 사설감옥을 찾았다면 더 개연성이 있을거고 관객으로써 더 설득이 됐을거다. 솔직히 그 부분에서 너무 황당해서 잠시 영화에 대한 흥미를 잃었었다. 별 셋이다. 그 부분만 설득력이 있었다면 별 넷까지 줄 수 있었다. ,6,22.04.20
야차,솔직히 이정도면 재밋구만...평점너무낮은데? ,10,22.04.20
프라미싱 영 우먼,"계속 집중하면서 보게 된다. 주인공 때문에 결말이 좀 슬픈데, 우리나라에서도 비슷한 일들이 최근 군대에서 발생했는데 참으로 개탄스럽다. ",9,22.04.20
악마를 보았다,잔인하고 더러운영화 이런영화를 만들다니... ,2,22.04.20
본 슈프리머시,첩보액션의 기준점이자 3부작 중 가장 재밌었던 2편 ,10,22.04.20
야차,후반부의 내용은...(이하 생략) ,4,22.04.20
어니스트 씨프,스토리 초딩수준도 안되는개망작 ,2,22.04.20
아홉살 인생,이세영4살때 데뷔함 ,9,22.04.20
바람의 검심 최종장: 더 비기닝,시리즈로 제작 된 영화 중 유일하게 수십번씩 돌려볼 만큼 좋아하는 영화. 실사화 영화라는 장르를 넘어선 진짜 하나의 작품으로 완성된 영화. 특히 나는 사토 타케루 배우님께 모든 영광을 돌리고 싶다. 여전히 나는 가장 처음 공개된 2012년의 바람의 검심이 제일 좋으나 비기닝 또한 마음에 담게 되는 의미 있는 작품. ,9,22.04.20
사냥의 시간,와 무슨 영화가……..술땡기네 스트레스 받는다 ; ,1,22.04.20
야차,평점보니 우리나라 키보드 평가단들 어지간히 영화 보는 눈이 높은가봐요. 진부하고 유치한 내용이긴하지만 평점 1-2점 정도 줄 정도는 아닌거같은데... 아니 다들 영화전공하셨나봐요ㅋ ,8,22.04.20
부탁 하나만 들어줘,너무잼있다ㅋ 실화라는게 놀라움 ,10,22.04.20
악마를 보았다,연기 연출 스토리 천재를 보았다 ,10,22.04.20
악마를 보았다,보는내내 사형제도는 필히 있어야 한다는 생각뿐. 결말은 저게 최선일듯 하다. 나도 같은 마음이었을듯. 저런 싸이코패스들이 지금도 감옥에서 피둥피둥 살올라서 잘지내고 있는거 보면 피꺼솟. 다만 둘째딸 죽이지 말지 그 가족이 너무 불쌍함 ㅠ ,10,22.04.20
죽지않는 인간들의 밤,B급감성 킬링타임으로 재밌음 꿀 ,10,22.04.20
경관의 피,난 요즘 귀가 먹었나  뭐라고하는지 알아먹지를 못하겠음 ,6,22.04.20
클라우스,아키라급 애니... ,10,22.04.20
폭격,실화를 영화 곳곳에 해석을 남기는 명작입니다. ,10,22.04.20
그것만이 내 세상,왜 이영화를 극장에서 못봤을까요 진심 전체적으로 너무 좋았던 영화네요 잘봤습니다 피아노 선율이 아직도 귓가에 맴도네요~^^ ,10,22.04.20
신비한 동물들과 덤블도어의 비밀,영 미 프 서로 힘 합쳐서 독일을 물리쳤다는 자화자찬의 이야기 ,6,22.04.20
악마를 보았다,눈에는.눈 이에는 이 주먹엔 주먹 복수엔 복수... ,10,22.04.20
악마를 보았다,예전에는 재밌게봤다고 생각했는데 다시보니까 고구마 100만개 먹은거 같다..수현이가 괜히 헛짓거리하다가 엄하게 죽은 사람이 너무 많다 ,2,22.04.20
야차,"이건.. 감독의 연출 문제일까.. 카메라 감독의 기술 문제일까.. 넷플릭스 오리지날이 아니고, 그냥 넷플개봉작인거지? 와..70년대 카메라워킹과 대사, 연기 모든것이 별로이다..감상포인트? 아무것도 평가할것이 없는 영화다. ",1,22.04.20
오버 더 문,감독만 미국인 다른애들은 중국인 배경도 중국배경 안봐!너나봐~ ,1,22.04.20
야차,이 끔찍한 영화를 속편까지 염두했다는 점에서 공포감을 느꼈다. 그렇다 공포영화다. ,1,22.04.20
악마를 보았다,,10,22.04.20
시월애,내인생영화 20년이지나도 애잔하고이유없는그리움이묻어나는 영화 ,10,22.04.20
몬스터,,10,22.04.20
경관의 피,연출 연기 스토리 다~~~시간 가는 줄 모르고 봤어요 ㅎㅎ굿굿 ,10,22.04.20
션샤인 러브,정말 러브스토리...은은하게 조용히 퍼지는...좋아하는 사람끼리 같이보면... ,10,22.04.20
박하사탕,뭔지모르게 빠져드는 영화슬픈  우리의 자화상을 바라보는 느낌 ,9,22.04.20
냉정과 열정 사이,다시 봐도 처음 그 느낌 그대로 ,10,22.04.20
루시드 드림,반전이 있네요 잼있게 봤어요 ,8,22.04.20
바람,"와 다시 봐도 대박이네,, ",10,22.04.20
야차,재밌게 봤네요 평점이 낮아서 안봤는데 볼만합니다 ,10,22.04.20
야차,2점에서 1점으로 만들려면 별은 줄수 없는 쪽으로 당기면 되요. 더 작은 점수는 없네요. ,1,22.04.20
이상한 나라의 수학자,마음이 따뜻해지고 눈물이 나네요~~ ,10,22.04.20
야차,30분째 하차함 시간아꼈음 ,1,22.04.20
악마를 보았다,스릴 최고 이 영화가 2010년작이라니 지금 심장 쫄깃 이병헌님 연기는  말해 뭐해요 최고지 ,10,22.04.20
텍사스 전기톱 학살 2022,최애영화입니다 명작이고요 ,10,22.04.20
악마를 보았다,이 영화는 별 다섯개가 아니라 별 열개를 주고 싶을 정도로 이병헌의 연기가 압권입니다! ,10,22.04.20
트랜스포머: 최후의 기사,베감독 고만하게. 마크ㅇ버그는 참 캐스팅이 잘돼ㅡㅡ ,3,22.04.20
프라미싱 영 우먼,이 영화 안본사람 없게 해주세요40년 살면서 온라인에 후기 남기는거 처음인사람 ,10,22.04.20
수퍼 소닉,개봉시기만 좋았으면 훨씬 인기 많았을텐데 아쉬운 영화 ,10,22.04.20
이터널스,아니..중국풍 크리쳐에 중국인 주인공에..중국식 스토리 이건뭐..  어쩌자는건지 감독을 뽑은건지 짱깨를 뽑은건지 ㅉㅉ ,1,22.04.20
리플리,내용 자체가 매우 흥미로움.결말에 대한 의견이 다양하지만 매우 만족함.결국엔 도망치고 도망치는 리플리의 삶 ,10,22.04.20
악마를 보았다,"이병헌, 최민식의 연기는 짱 ",10,22.04.20
메탈 로드,"힙찌리들아, 이게 메탈이다! ",8,22.04.20
칠드런 오브 맨,전쟁이란 정말 의미없는 것이다...나중에 키가 자식한테 테오의 이야기를 들려줄 수 있는 순간이 오리라고 믿는다. ,10,22.04.20
사랑과 영혼,인생영화. 현재 내나이 24살에 이 옛날영화를 보고 눈물이 찔끔 나올 정도였다.           왜 요즈음엔 이런 영화가 안나오는걸까.          배우들 연기가 아주 매력적이고 연인과 보기 완벽한 영화이다. 그리고 새삼스래 착하게(?) 살아야겠다고 다짐하게 되는 영화이다.. ,10,22.04.20
히즈 올 댓,배우들이 너무 이쁘고 잘생겨서 눈이 호강한 작품.이런 영화 특유의 복수가 없는게 신기했음 ,10,22.04.20
악마를 보았다,진짜 악마는 누구일까.? ,10,22.04.20
문폴,뇌빼고 상상력으로만 봐요 ,4,22.04.20
더 킹,볼때마다 재있어서 놀라는 영화ㅋ  벌써 5년전 영화라니 ...조인성 정우성 비주얼이 전혀 아깝지 않은 영화. 엔딩까지 맘에든다 영화라도 이렇게 끝나야 속이 좀 시원하지 ,10,22.04.20
악마를 보았다,진짜 악마는... 이병헌이었다 ,10,22.04.20
모비우스,각성했을 때 연출이 넘나 신기하고 재밌었다. 빨리 다음 시즌 나왔으면 좋겠다. 뭔가 본격적으로 시작하려는데 끝난 느낌 ,8,22.04.20
악마를 보았다,이거보고 최민식 별루안조아함  악마보다 이병헌 더악마  눈엔눈 이엔이 ,10,22.04.20
킹스맨: 퍼스트 에이전트,재밌게 봤어요. 역시 킹스맨 ,10,22.04.20
제이슨 본,본시리즈는 내인생 최대 명작임 첩보물 좋아하지만 본시리즈 몇번이고 봐도 재밌음.. 제레미레너?나온편은 빼고 .. ,10,22.04.20
극장판 주술회전 0,액션씬 잘뽑힌듯 근데 주인공 성우가 좀 별로 ,7,22.04.20
퍼스트 카우,묘하게 귀여운 영화입니다 ,8,22.04.20
이상한 나라의 수학자,오글거림 치사량... ,2,22.04.20
듄,파트원인게 아쉽다. 파트투를 만들고 개봉했어야지 ,8,22.04.20
그해 여름,"감상평을 적는 이유는 평균 평점을 높이기 위함이다. 나는 알바도 영화 관계자도 아니다. 그럼에도 영화가 내게 준 감동이 있기에 보답하기 위함이다. 암흑의 시대 이뤄질 수 없는 사랑을 탄탄한 스토리로 연출했다. 1969년 농촌과 서울역의 모습을 잘 구현했다. 영화를 보면서 어느 덧 몰입했고 수차례 눈물을 흘렸다. 석영과 정인이는 순수하고 아무 잘못이 없는데, 시대 때문에 고통받는 모습에 안타까움이 컸다. 우리 부모님 세대의 사랑은 이런 모습이었을까? 정인이가 석영이를 보낸 뒤 허망한 표정....뇌리에 남는다...제대로 평가받지 못 했지만 이 영화는 명화임이 틀림없다. ",10,22.04.20
판도라,한번쯤 생각해봐야할 이슈를 다룬 재난영화입니다. ,10,22.04.20
이터널스,마블이 아카데미 노리기 시작하니 애매한 작품이 나옴 ,6,22.04.20
장르만 로맨스,한국 코미디 보면서 이렇게 웃기는 처음이에요제 최애 영화 됐어요!! 무진성 배우 개예쁨 ,10,22.04.20
굿 보스,개뿔도 모르면서 그럴싸하게 조잘되기는 평론가조차도 ...최고다 ,10,22.04.20
이상한 나라의 수학자,최민식 김동휘 두 사람의 대화 속에 가볍지 않은 세상살이가 녹아있다. 싫지만 않다.같이하는 인생이. ,10,22.04.20
더 배트맨,새로운 시도는 좋았지만 딱 거기까지. ,6,22.04.20
듄,"극장에서 봐서 정말 다행인 영화!웅장한 사운드와 광활한 자연, CG는 경이로운 수준.파트 2 기다리는 중 ",10,22.04.20
우리가 사랑이라고 믿는 것,결국 사랑이란 것은 억지로 맞춰주거나 말을 아예 하지 않는 것이 아니라 솔직함을 바탕으로 서로의 노력으로 조절한다는 것을 잘 보여준다. 두 주연 배우는 절제되면서도 인상적인 연기를 펼친다. ,6,22.04.20
유체이탈자,액션도 멋지고 스토리며 배우들 연기도 완벽하네요. 1분 1초도 지루함 없이 재밌습니다. ,10,22.04.20
야차,마지막까지 뭔가 있겠지 하고 본 내 시간이 아깝다... ,2,22.04.20
신비한 동물들과 덤블도어의 비밀,덤블도어의 비밀은 '게이'였다는 것이다 ,1,22.04.20
악마를 보았다,한번에범인을죽여야지     한번에 안끝네서   여러사람더죽었잔아  스토리가  별볼일없네 ,2,22.04.20
앰뷸런스,오랜만에 느껴보는 마이클배이 감독의 연출에 감동을 받았습니다. 더욱 아찔해진 카메라 무빙은 숨막힐듯한 느낌을 선사하네요. 배우들의 좋은 연기도 인상적이네요 ,10,22.04.20
연애 빠진 로맨스,"와! 연기 대박이네요,? 손석구씨 진짜 최애 배우 되었고~~ 전종서님 연기도 정말 좋았어요! 스토리도 흥미롭고 정말 즐겁게 웃으며 봤어요! 달달 심쿵 정말 추천! 강력추천! ",10,22.04.20
문신을 한 신부님,마지막 다니엘의 눈빛이 안 잊혀짐 ,9,22.04.20
리디밍 러브,종교영화엿넼ㅋㅋㅋ 신데렐라 스토리 ㅋㅋ 나름재밌엇음 ,8,22.04.20
변호인,송강호 의 연기에 푹빠졌네요 ,10,22.04.20
변호인,송강호 의 연기에 푹빠졌네요 ,10,22.04.20
혐오스런 마츠코의 일생,,10,22.04.20
악마를 보았다,최민식 이병헌 연기의 악마를 보았다 ,10,22.04.20
검객,칼쌈은 볼만함. 스토리보고 보는 영화는 아니자나... ,8,22.04.20
더 배트맨,"솔직히 영화 퀄리티가 아니라 미드정도의 퀄리티임. 무게는 진짜 겁나게 잡는데 그에 비해 의상, 소품, 액션연출, 스토리 치밀함 등등 뭐하나 제대로 받쳐주는게 없어서 그냥 붕 뜬 느낌임. 그리고 그놈의 흑인 할당제는 너무 노골적이라 한숨만 나오네 에휴... ",5,22.04.20
악마를 보았다,아주 잘봤습니다 몰입감 최고 ,10,22.04.20
내겐 너무 소중한 너,최근에 만들어진 영화중에 최고! 진구라는 배우 연기잘하고 매력완전 많음. ,10,22.04.20
이상한 나라의 수학자,위로를 건넨 영화. 따뜻하고 예쁜 장면들. ,10,22.04.20
신비한 동물들과 덤블도어의 비밀,해리포터에 대한  모독 수준 ,2,22.04.20
야차,진짜 노잼. 영화에 왜 정치관을 녹여넣냐. 개연성 제로영화 ,2,22.04.20
신비한 동물들과 덤블도어의 비밀,후기가 왜안좋은지 모르겠어요너무재밋어요ㅎ ,10,22.04.20
블랙라이트,어느순간부턴 다 비슷한 느낌의 리암 니슨표 액션 영화. 이제 액션 영화는 쉬자 놓아줄때 되었다 박수칠때 떠나자~ ,5,22.04.20
지저귀는 새는 날지 않는다,그냥 개좋음. 부럽다. 우리나라는 이런고퀄 애니는 불가능인가? ,10,22.04.20
더 배트맨,이제 배트맨은 스릴러인가? 드라마인가?이 무슨 액션도 없고 영화시간만 길으니 지루하다. 배트맨영화중 최악인데 평점이 높은이유 모름. ,4,22.04.20
야차,"화려한 액션, 반전, 재미 ",10,22.04.20
애덤 프로젝트,흥미로울것 같았는데 길게 늘어지고.. 딱 십대들 특히 초딩들이 재밌어할 수준임 숲속 추격씬은 흡사 우뢰매를 방불케 했다 ,4,22.04.20
더 배트맨,영상이랑 분위기는 좋은데 액션씬이 몰입을 망칠 정도로 굼뜨고 중간중간 쓸떼없는 씬들을 많이 끼어놓음 ,6,22.04.20
화이 : 괴물을 삼킨 아이,배우 라인업 보면 알겠지만 연기는 좋음 ,6,22.04.20
뜨거운 피,스토리 연개 어떻게 이어지는지 모르겠음. 본인 서울대출신 하지만 이해안감 초기 평점 알바한테 속아서 봤지만 여자친구 화나서 싹싹빔. 커플들 절대 보지 마셈 ,1,22.04.20
미스비헤이비어,굳이 미스월드 대회를 반대할거 까지야 ,6,22.04.20
양자물리학,양자물리학 전혀 몰라도 됩니다ㅋㅋ 적당히 열받고 적당히 패고 적당히 유쾌해서 좋은 영화 기대 안했는데 배우들 연기도 빠지지도 않고 무난히 보기좋음 적어도 시간이 엄청 아깝다 이런 생각은 안들었음 ,7,22.04.20
신비한 동물들과 덤블도어의 비밀,중국땅에서 개봉하기위해 6분가량 가위질했다고 할때 부터 실패작이다 ,2,22.04.20
이상한 나라의 수학자,개연성 필요없이 그냥 힐링되는 영화ㅡ ,10,22.04.20
야차,"참기힘든 러닝타임, 유치한 대본, 황당한 개그설정, 완성도가 너무 떨어지는 영화네요.좋은 배우들과 거대한 제작비가 아깝네요.. ",2,22.04.20
사냥의 시간,흡연+욕하라고 만든 영화인가? 어줍짢게 갱스터따라하는 양아치무리들이 2시간 넘는 동안 시도때도없이 욕하면서 담배만 ㅈㄴ 뻑뻑피고 질질짜기만하다가 끝남 군대갔다온 놈들이 맞는지 와 총소리 크다 ㅇㅈㄹ 떨고 자기들끼리 총구겨누고 OO려고 총기방치 개오짐ㅋㅋㅋ 긴장감이라곤 하나도 없음 또 아무도 은엄폐를안함ㅋㅋㅋ근데 또 웃긴건 은엄폐안해도 주인공버프인지 아무리쏴도 맞질않음ㅋㅋㅋ 총쏘다가 대놓고 쏠라면쏴라하고 담배피고있고ㅋㅋ 담배만ㅈㄴ빨고핵발암찌질한것밖에 기억이 안난다 아ㅆ발 내 2시간 ㅡㅡ ,1,22.04.20
황야의 7인,스토리가 쉬워서 좋고 시간가는 줄 모르고 재밌습니다. 마을 주민들 옷이 꼭 조선시대 옷하고 너무 똑같습니다. ,8,22.04.20
복지식당,모두가 봐야할 영화. 제도와 사회의 문제에 대한 실랄한 비판을 담은 올해 최고의 영화 ,10,22.04.20
이상한 나라의 수학자,"부족한 면도 있지만 최민식의 연기와 후반 마무리가 따듯함, 교육자로서의 참됨을 보여주고, 학습자에겐 의지를 준다 ",8,22.04.20
신비한 동물들과 덤블도어의 비밀,항상 똑같은 마법 영화 스토리와 다른 스토리가 가장 좋았다 ,10,22.04.20
악마를 보았다,이병헌 멋...있...다... ,10,22.04.20
모럴센스,중간중간 자꾸 불편해서 끄고 싶었음.. 영화 시작하면 끝까지 보는 성격이라 봤는데 후회함 ,1,22.04.20
고지전,옛날에 첫개봉했을때 다들 재미없다해서 안봣었는데... 술한잔마시고 집에서 봣는데...지금까지 100번넘게봐서 대사도 다 외울정도로 내용도좋고 연기력도좋고....최고의 영화입니다. ,10,22.04.20
고지전,옛날에 첫개봉했을때 다들 재미없다해서 안봣었는데... 술한잔마시고 집에서 봣는데...지금까지 100번넘게봐서 대사도 다 외울정도로 내용도좋고 연기력도좋고....최고의 영화입니다. ,10,22.04.20
사냥의 시간,스릴러답게 긴장의 끈을 놓을 수 없다. 연출 및 배우연기는 일품이다. 2탄을 기대해 본다! ,10,22.04.20
사냥의 시간,스릴러답게 긴장의 끈을 놓을 수 없다. 연출 및 배우연기는 일품이다. 2탄을 기대해 본다! ,10,22.04.20
신비한 동물들과 덤블도어의 비밀,영상미 예쁘고 해리포터 팬이라면 볼만해요 근데..솔직히 덤블도어의 비밀인가 싶긴함.... 뭔가 걍 전개만 있고 결말은 없는 기분이긴 하지만 나름 재밌어서 볼만은 해요 ,7,22.04.20
노바디 ,오랜만에 재밌는 영화 봤네요 ,10,22.04.20
천문: 하늘에 묻는다,찐한 우정 감동했습니다.감독님 배우님 스탭님 감사합니다~ ,10,22.04.20
신비한 동물들과 덤블도어의 비밀,,10,22.04.20
패션 오브 크라이스트,,10,22.04.20
베놈 2: 렛 데어 비 카니지,기획 단계부터 철저하게 쿠키영상에 맞춰진 게 아닌가 의심이 들 정도로 본편이 너무 무성의해서 당혹스러웠다.쿠키영상을 빼면 대체 이 영화의 존재 의의는 뭘까? ,5,22.04.20
러덜리스,"아무리생각해도 너무 고평가된 영화 같다.반전이 의외로 괜찮았을뿐, 노래는 더 좋은 멜로디를 뽑지 못햇나 아쉽다. 왜 사람들을 죽였을까에 대한 의문도 계속 남고... 다만, 가해자의 가족들도 가슴아프다는 사실. 상상조차 해본 적 없는 일. 상상해보게 한, 그건 좋았다 ",6,22.04.20
밀리언 달러 베이비,,10,22.04.20
남자가 사랑할 때,"사채업자, 시한부 등 진부한 소재와 느슨한 전개에 신파까지 얹어 가지만 연기력으로 밀고 가는 영화 평점 7.5 ",8,22.04.20
신비한 동물들과 덤블도어의 비밀,너무 재밌게 잘봤어요ㅠㅠ 두번봐도 재밌는 영화 ㅎ ,10,22.04.19
신비한 동물들과 덤블도어의 비밀,너무 재밌게 잘봤어요ㅠㅠ 두번봐도 재밌는 영화 ㅎ ,10,22.04.19
내 생애 가장 아름다운 일주일,와씨... 지금으로 따지면 배우들 몸값... 단역 윤석이형에 조연이 하지원에 단역이 신성록에 ㅋㅋ 오래되서 개그는 좀 유치하네요 그 시대였으면 웃겼을려나. 그냥 뭐 편하게 또 한 타임 즐기고 갑니다. 이선균 와이프 전혜진 배우님 성형 전?인가 ㅎㅎ 신선했네요. ,7,22.04.19
나부야 나부야,먹먹~자막이 있었으면 아쉬움이~ ,8,22.04.19
더 배트맨,드라마인줄.. 너무 지루하네요 전개가 ,1,22.04.19
더 배트맨,지극히 인간적이고 지극히 우울할 만큼 어두운. 너무나 비현실적이지만 동시에 너무 현실적으로 느껴지는..초인 배트맨이 아닌 가장 인간 배트맨다운 영화. ,8,22.04.19
작은 아씨들,조가 너무 아름다워서 기분이 좋음 ,10,22.04.19
토르: 라그나로크,스토리도 좋았구 ost도 맘에 들고 액션 하나 빠짐 없이 최고였다 ㅎㅎ ,10,22.04.19
야차,,10,22.04.19
이별의 아침에 약속의 꽃을 장식하자,2번봣는데 2번째엔 더 펑펑울엇네.. 잼써요 ,10,22.04.19
신비한 동물들과 덤블도어의 비밀,"왜 제목에 ""덤블도어의 비밀""이 들어간걸까.. 새로운 비밀이 나온건 없는데;; 아무튼 ''신비한 동물들'' 본연에 집중한것도 나쁘지 않았고, 스케일/영상 다 좋았지만 뭔가 쳐지는 분위기라 아쉬웠어요. 결국 다음 시리즈가 중요해지겠네요. ",6,22.04.19
언더 씨즈 2,이왕 클레맨타인2도 나오시죠? ,4,22.04.19
나는 전설이다,7점대 영화는 아니라 생각해 10점 줌 ,10,22.04.19
즐거운 경찰,"토미 리 존스님, 참 행복하셨나요? 치어리더분들과 함께 해서.. ",4,22.04.19
3.5교시,시계 하나로 시간을 지배할 수 있다면 얼마나 좋을까?! 타임스트래치? 처음 들어보는 용어이긴 하지만 신선했고! 학원물이라 익숙했다! 학생인 조아의 연기가 자연스럽게 좋았다. ost도 다 들어봤는데 다 좋아서 계속 듣는 중~ ,10,22.04.19
야차,음식물 쓰레기 같은 영화 ,1,22.04.19
클루리스,"그 시절 영화의 색감,  분위기가 완벽함.딱 하이틴하면 생각나는 느낌. ",10,22.04.19
뷰티풀 마인드, 명작이고 배우들 연기력도 좋은데 재미는 정말 없다. 존 내쉬라는 수학자의 인생에 관심이 있거나 조현병에 관해서 흥미가 있는 사람이 아니면 추천하지 않습니다.(격리 2주차 화요일 새로운 룸메이트가 오던 날에) ,2,22.04.19
퀸카로 살아남는 법,마지막 결말이 이쉬움여자들만의 기싸움은 잘 표현한듯 ,8,22.04.19
검객,다 필요없고 그냥 믿고보는 장혁 ,10,22.04.19
신비한 동물들과 덤블도어의 비밀,해리포터 뽕이 가득한 사람에게는 추천합니다 호그와트는 치트키야.. ,8,22.04.19
더 배트맨,그냥 비긴즈라고 생각할게. 2도 이러면 안돼 ,7,22.04.19
범죄도시,마동석은 이미지다운 연기를 하였고윤계상은 연기력으로 이미지를 만들었다 ,10,22.04.19
"안녕, 나의 소울메이트",,10,22.04.19
신비한 동물들과 덤블도어의 비밀,"난 꿀잼이엇다덤블도어와 그렌델왈드 전투신 때문에 심쿵한 영화~충분히 볼거리 있는 영화 였고 그렇게 망작은아니라 생각하는데…여기서 끝나긴 너무 아쉽진 않나난 4,5편도 보고싶다! ",10,22.04.19
중경삼림,,10,22.04.19
극장판 귀멸의 칼날: 무한열차편,,7,22.04.19
이상한 나라의 수학자,,10,22.04.19
퍼시픽 림: 업라이징,보다가 그 나라 언어 나오자마자 바로 꺼버림 천박 그 자체라서 너무 듣기 싫음 ,2,22.04.19
극장판 귀멸의 칼날: 무한열차편,,7,22.04.19
야차,진부한소재 올드한 주인공 어설픈 국뽕 재미없는 영화입니다 ,6,22.04.19
더 배트맨,i love Robert Pattinson.. Good.. ,10,22.04.19
야차,대한민국 액션 영화는 이제 망했다 한국은 멜로 영화나 만들지 뭔 되도 않는 액션 영화야 어차피 헐리우드 못 따라가면 액션에 투자 하지 말고 한국 영화만의 특징을 살리면 좋겠네요 ,2,22.04.19
루이스 웨인: 사랑을 그린 고양이 화가,쓸쓸하고 아름다운.... ,6,22.04.19
올드,개연성 밥 말아 먹음...밑도끝도 없는 전개 ,1,22.04.19
신비한 동물들과 덤블도어의 비밀,신비한 동물 시리즈 보면서 졸았던 건 진짜 처음임;;;ㅋㅋ ,4,22.04.19
문폴,"개인적으로 롤랜드 감독은 딱 투모로우, 2012때까지가 볼만했던 것 같다 ",4,22.04.19
프렌치 디스패치,부럽다 천재의 기발함 ,10,22.04.19
신비한 동물들과 덤블도어의 비밀,설득력도 개연성도 없는 스토리... ,2,22.04.19
신비한 동물들과 덤블도어의 비밀,스토리가…왜이래..해리포터팬이라서 본다 ,7,22.04.19
싱 스트리트,맞아. 우리 모두 뭐든 꿈꿀 수 있잖아요? ,9,22.04.19
신비한 동물들과 덤블도어의 비밀,해리포터 팬이라 한 번 더 견뎌본다 ,6,22.04.19
다크 나이트,모든 것이 완벽 시간이 지나도 똑같은 감동을 계속 선사하는 영화 ,10,22.04.19
더 바인딩,1.2배속으로 봤어요 너무 잔잔한게 단점  볼만하고 결말도 맘에듦 ,7,22.04.19
나이트메어 앨리,"과유불급, 사람으로 흥하고 사람으로 폭망하고 ",10,22.04.19
"러브, 어게인","남주 해리 너무너무 잘생겼다!!! 잔잔한 분위기와 전개, 예쁜 LA배경들 힐링됨 ",8,22.04.19
더 배트맨,다크나이트 시리즈가 얼마나 재밌는 영화인지 이제 알겠지? ,4,22.04.19
야차,일단 영상미 자체가 좋았고 다양한 정보 전투 기술들이 멋있었음. 영화 하나에 하나하나 많은 것을 기대하고 무겁게 평론하는 것보다 생각을 잠깐 빼고 힘을 잠깐 빼고 보는 영화도 좋은 것 같음. 즐겁게 봤으니까 10점 드려요! ,10,22.04.19
오! 수정,이 영화 정말 넘넘 싫다. 내 느낌엔 이은주 배우  이 영화 찍으면서 상처 많이 받았을것 같아 ,1,22.04.19
쉰들러 리스트,"하마터면 놓을뻔한, 굳이네요! ",10,22.04.19
더 배트맨,재개발 비대위 잡는 강력 부동산대책 영화 ,10,22.04.19
더 배트맨,3시간 넘는 시간. . 진짜 지루하다못해 졸기까지 함. . . 1시간짜리를 겁나 늘려서 만든듯한 지루한 전개. .액션감과 시원통쾌한 액션신을 기대했는데 . . .역대 배트맨 시리즈중 최악. 로버트 패터슨. . 배트맨역이 어울리지않는것도 한몫 ,2,22.04.19
강철비,한국 영화에서 이렇게 깔끔한 엔딩은 처음이다. ,10,22.04.19
거북이 달린다,이영화 개봉당시 상대는 트랜스포머2였음 그때 트랜스포머 봤는데 명작이였다 ,9,22.04.19
거미의 성,맥베스라는 익숙한 이야기를 이끌어 나가는 거장의 힘. 엔딩의 안개 속 움직이는 숲과 쏟아지는 화살들은 길이 남을 명장면 ,10,22.04.19
신비한 동물들과 덤블도어의 비밀,"나만 드럽게 재미없던게 아니었구나... 오죽했으면 나, 커플1, 사람1 이렇게 4명있었는데 영화끝나고 두리번거리니깐 나혼자서 보고있었더라 ",4,22.04.19
첨밀밀,이영화보고 장만옥을 좋아하게됨.엔딩씬이 굿 ,10,22.04.19
중경삼림,,10,22.04.19
더 배트맨,Who 사무총장이 경찰로 나오네ㅋ ,10,22.04.19
야차,넷플릭스로 봐서 그래도 좀 덜 억울하네… 내 금 같은 시간이 아쉽긴하지만. 시간 낭비는 제가 한걸로 족하니 가볍게 이 영화는 패스하세요. ,2,22.04.19
셰이프 오브 워터: 사랑의 모양,"간만에 아주 몰입해서 재미있게 봤습니다. 색감이나 소품 등 눈이 즐겁고, 사랑이 이루어지기를 마음 졸여가며 봤네요..아름다운 영화입니다 ",10,22.04.19
야차,와우 이건 뭐죠? 이것이 21세기 넷플릭스 영화가 맞습니까ㅋㅋ 평점은 0점인데 넷플릭스 공무원님과 설경구님께 1점씩 드립니다… ,2,22.04.19
해적: 도깨비 깃발,뭔가 좀 어설픈 영상도 있지만;;;뭐 그냥 나름 볼만했어요 ?한효주  연기 진짜 못함 ;;; ,8,22.04.19
자산어보,흑백임에도 불구하고 전혀 지루하지 않았다. 모두가 꼭 한 번은 봤으면 하는 영화. 잔잔하게 재밌다. ,10,22.04.19
자산어보,흑백임에도 불구하고 전혀 지루하지 않았다. 모두가 꼭 한 번은 봤으면 하는 영화. 잔잔하게 재밌다. ,10,22.04.19
프랙처드,..? 주인공 본인이 다 자초해놓고는....넘 민폐 아니냐고정신적으로 불안정한 사람들이 저런식으로 자기가 억울한 피해자라고 진심으로 느낀다는게 더 무서움 ,6,22.04.19
특송,박소담씨 액션연기 수준급에 송새벽씨 특급빌런연기가 더해져서 완전 꿀잼. ,10,22.04.19
더 배트맨,"아무리 DC가 detective comics(도대체 언제적 유물을 끌어오는겨...ㅋ)라고 예토전생급 선동을 해도.... 히어로물이라는 장르적 태생을 망각하고 탐정물로 바꾼 건 악수임. 게다가 리들러와 같은 하꼬 상대로 고전하는 배트맨을 보고 있자니 실소가 나올 지경.... 영화를 지배하는 어두운 분위기는 오히려 쪼랩 배트맨과 엇박자가 날 정도로 위화감이 드는 작위적 설정. 영화 전반적으로 감독놈의 의도와 설정이 뒤죽박죽 짬뽕 개밥 나물 수준. 이거 보고 좋다고 하는 놈들은 거울 보고 ""하꼬 쪼랩 자기소개 잘 듣고 갑니다""하면 됨. ",1,22.04.19
신비한 동물들과 덤블도어의 비밀,"덤블도어의 비밀은 영화시작 10분만에 나와버림. 개연성이 부족한 스토리와 짜장이 묻은건지 도대체 왜 기린이나 짜장스런 의상,배경이 나와야하는지 의문.. ",4,22.04.19
목소리의 형태,재밌을까 고민하시는 분들 고민 하시지 말고 꼭 보시길 바랍니다.엄청난 영화입니다. ,10,22.04.19
발신제한,개억지 상황극 연기하나는 볼만함 ,1,22.04.19
플립,간만에 클래식한 영화..좋네요 ,9,22.04.19
낙원의 밤,그놈의 한녀들 우울증타령 암걸림 ,2,22.04.19
플립,영화가 끝났을 때의..내 온마음으로 웃던 그시간이 잊혀지지 않는다. ,10,22.04.19
더 배트맨,배트맨이 이렇게 평범한 인간이라는걸 처음알았네요 기존에 배트맨 생각하고 보시면 안되요 배트맨 광팬인데 이것도 정말 재미있네요 ,10,22.04.19
야차,좌파영화고 자시고 그딴건 관심없고재미가 진짜없어도 너무 없다줄거리가 뭐이따위내 시간 아까워 화가 난다밑에 평점 10점 준 사람...혹시 감독이냐?와 나 이런 영화 첨 봄 ,1,22.04.19
말모이,이제야 보았다 정말 좋은 영화다. 하지만 언론은 21세기에 이 영화를 깍아내렷을까 ,10,22.04.19
올드,뭔가 내 인생도 크게 보면 저렇게 빨리 지나가고 늙고 병들고 이러겠구나 하는 생각에 씁쓸하고 여운이 남네요하루 하루 알차고 소중하게 보내야겠다는 생각이 듦 ,10,22.04.19
소수의견,마지막 김의성 대사... 비수로 꽂힌다... ,10,22.04.19
더 배트맨,허세 뺀 진짜 배트맨같아 좋았다. 역대급 암울함에 브루스 얼굴보다 우울증 걸릴뻔했네.. ,10,22.04.19
특송,,10,22.04.19
더 배트맨,한 명의 중생이라도 더 건져내기 위해 지옥을 처절히 배회하는 지장보살처럼. ,9,22.04.19
그것만이 내 세상,웃다가 울다가 너무 재밌었음ㅜㅜ진짜 둘다 연기천재 ,10,22.04.19
태어나길 잘했어,번개맞고 귀신보기 맞아? ,5,22.04.19
패터슨,"찝찝한 맥거핀으로 가득하고 예상못한 부비트랩을 밟고 마는 것을 우리는 일상이라고 부른다.녹지의 내음을 맡고 유니콘 꿈을 꾸기 때문에 시가 써지는 것이 아니라시라는 것은 일상을 포착하는 것 뿐.그렇기에 시를 왜 쓰냐고 묻는다면, 아직 보지 못한 것들이 있고 묻지 못한 질문이 있고, 그리고 빈 공책이 있는 이유와 같지 않을까? ",7,22.04.19
더 배트맨,다운 받아봣는데 전체적인 분위기는 어둡고 암울한거는 나름 좋았다 근데 역시 리들러가 매력적인 빌런인데 여기선 좀 너무 두각이 크게 나오지 않아 많이 약해보여서 아쉬웠음 전 배트맨 시리즈중에 빌런의 활약상은 다크나이트의 조커 그이상의 활약상이 나와야 만족할듯 싶다 ,6,22.04.19
신비한 동물들과 덤블도어의 비밀,저는 재밌게 봤습니다. 입맛에 안맞으면 지나가시면 됩니다 ,10,22.04.19
텍사스 전기톱 학살 2022,나는 재밌었는데 걍 보지마라 고어 영화인거 뻔히 알면서 봤으면서 먼 스토리 ㅉㅉ ,10,22.04.19
말임씨를 부탁해,고령화 사회대책이 시급하다는 이야기 ,7,22.04.19
수퍼 소닉2,원작 게임에 대해서는 잘 모르지만 옛날에 봤던 소닉애니 성우분들이 그대로 캐스팅 되어서 추억으로 봤긴했는데 어른이돼서 보니 역시 어린이 영화구나 싶더라구요 자녀가 있다면 같이 보러간다면 정말 좋을것같아요 ,5,22.04.19
에움길,할머니분들의 용기를 응원합니다 ,10,22.04.19
분노의 질주: 더 얼티메이트,"와..이런 헐리우드 B급 수준이 시리즈가 몇개나 나온거야... 전 시리즈를 본건아니지만 어느정도에서 멈췄워야..이번건 보기 너무 힘드네요. 과장된 액션, 말도안되는 전개, 무리수 두는 개그코드..그만 찍어도 될듯. ",4,22.04.19
신비한 동물들과 덤블도어의 비밀,그린델왈드가 가스라이팅하는영화 ,2,22.04.19
화양연화,"왕가위 감독, 그리고 양조위 장만옥 배우 최고의 작품이 아닐까? 그야말로 찬란했던 60년대의 홍콩을 꿈꿀 수 있는 영화 ",9,22.04.19
루이스 웨인: 사랑을 그린 고양이 화가,영상미가 정말 좋아요. ,7,22.04.19
파이프라인,대학 졸작인가... 얼토당토않은 스토리흐름에 감정선 공감 전혀없음 ,1,22.04.19
인민을 위해 복무하라,이건 뭐 한국 국군이 인민군 군복입고 연기하는 듯..ㅋㅋ이.것도 영화냐...참 한심하다.. ,4,22.04.19
리코리쉬 피자,여러 영화제 노미니 소식부터 듣고 복고풍 스틸이미지에 기대했는데 공감대가 별로 ,5,22.04.19
이터널스,등장 캐릭터도 많고 해야될 이야기도 많아 영화보다는 마블드라마로 40분 12부작 정도로 나왔어야… ,6,22.04.19
클로저,예전에 봤었다면 사랑 참 지저분하구나라고 느꼈을법 한 영화가 지금.. 이제 이 나이와 처한 상황과 경험을 가지고 이 영화를 접하게 되니 사뭇 위로가 다 된다. 아~! 나만 찌질한게 아니구나. ,10,22.04.19
배니싱: 미제사건,주연들때문에 일단 기대했었는데 통일성없이 뭔가 복잡하기만 함 ,5,22.04.19
악마를 보았다,다시봐도 김지운감독영화는 짱!! ,10,22.04.19
트레이터,별 기대없이  봤는데 재밌게 봤어요 ,8,22.04.19
신세계,사실 스토리는 뻔하다. 그런데 배우들의 연기가 기가 막히고 이야기를 풀어나가는 연출력이 훌륭하다. 범죄와의 전쟁과 함께 21세기 최고의 한국 조폭영화 ,9,22.04.19
더 배트맨,너무 지루하다.. 뭔 영화를 3시간이나.미드 떡밥 깔아놓은줄... ,1,22.04.19
경관의 피,뭘 말하고 싶은지 말하고 싶은걸 여러가지 다 억어지로 넣는 듯 한 스토리전개 ,4,22.04.19
죽지않는 인간들의 밤,?b급 감성 병맛개그 킬링타임용으로 가볍게 보려는데도 너무 심하게 노잼이었음. 밑에 공감 가장 많이 받은 글들 참고했어야함.. 댓글 알바가 엄청난듯.. ㄷㄷ 작년에 평점 6점대여서 거른거였는데 엄청 올라있길래 봤다가 당했음..   이걸보기엔 시간이 너무 아까움. ,1,22.04.19
프라미싱 영 우먼,슬프고 복수심이 나에게도 생기는 현실의 이야기.성 인지 교육을 남녀 모두 배워야 한다.여자가 취했다고 손대는 놈들은 거세시키자 ,8,22.04.19
더 배트맨,신선하지만 서운하긴하다 ,6,22.04.19
살인소설,평점대비 재밌는편이에요. 크게 지루함 없고 뻔한 클리쉐도 아니면서 반전도 적절히 있고. 킬링타임용 찾으면 추천합니다 ,8,22.04.19
점퍼,정말 아무생각 없이 본다면 킬링타임의 목적은 달성. 여러모로 곳곳에서 부족함이 느껴지는 영화지만 그렇다고 아예 재미없는 영화는 또 아님 ,6,22.04.19
캐치 미 이프 유 캔,다 좋았어요 다시 보고 싶은 영화 ,10,22.04.19
침묵,결말에 감동이 많습니다 ,8,22.04.19
캐치 미 이프 유 캔,아이가 바라보는 가족의 시점 ,10,22.04.19
울지마 톤즈 2 : 슈크란 바바,주님 감사합니다 사랑합니다 ,10,22.04.19
알라딘,30년이지나 다시봐도 역대최고의 애니... ,10,22.04.19
야차,노잼 ,6,22.04.19
신비한 동물들과 덤블도어의 비밀,해리포터 시리즈는 그냥 무조건 보는데…여기에도 중국 자본이 들어간건가… 그 점이 아쉽다 ,8,22.04.19
올드,영화 상영시간만큼 의미없이 늙어버렸다 ,2,22.04.19
모비우스,너무너무너무 재미있어요 꼭 보세요 ,10,22.04.19
사냥의 시간,왜 평점이 낮은지 개연성이 없다고 이야기 하는지 이해 안됨;;개연성 개 있는데;; 어디가 개연성이 없는거지? 디스토피아적인 내용이 공감되지 않아서 그런가? 어디가 개연성이 없는거지;;;;????나 아메바인듯;;;;이해가 안됨;; ,10,22.04.19
일대일,관객이 되신 당신들은 나는 누구인가?를 찾고 있습니까? 나는 등장 인물들이 내가 아는 누구일까? 그렇게 찾았다.가장 위험한 마동석은 김기덕 자신일까?위험한 영웅이면서 숭고한 전사자라고 믿고 있을지도 모를 일이다. 위험한 신념이 한 가족을 모살 시키기도 하고 위험한 신념이 신들린 사이코패스를 한나라의 지도자로 탄생시키기도 한다. 그래서 신념은 다 팽기치고 신념을 위한 신념을 가지기도 한다. 그러나 신념은 늘 흔들려 그 중의 어느 누가 되기도 한다는 고백인가? 그 고백일지도 모르겠다. 늘 그랬듯이 그의 영화의 뒷맛은 어지럽고 더럽다. 왜 일인 다역이었나는 생각하기도 귀찮아서 생각하지 않기로 정했다. ,5,22.04.19
변신,개연성은 떨어지나 킬링타임 하긴 좋았네요 ,6,22.04.19
나비 효과 2,아니이게뭐야ㅡㅡ 장난치나 ,1,22.04.19
블랙 위도우,액션감이 생각보다 좀 떨어짐. 스토리도 좀 빈약하고 ,7,22.04.19
이상한 나라의 수학자,"꼬마 천재 테이트 영화에서 꼬마 테이트가 엄마역의 조디 포스터에게 미립자였나? 그런 대사를 하는데 비슷한 내용이 이 영화에서도 나오고, 뷰티플 마인드에서 학자에게 존경의 의미로 만년필을 선물한다는 장면 그리고 여인의 향기에서 알파치노가 소위 배경 좋은 부모를 둔 반 친구들의 악행을 뒤집어 쓰고 퇴학의 위기를 맞은 학생의 진실을 학교 강단에서 밝히는 장면 등은 정말로 비슷하다.그러나 배우들의 연기는 멋지게 관람했다. ",4,22.04.19
더 배트맨,크리스토퍼성님 + 베일성님 배트맨이 역대최고 였구나 ㄷㄷ ,6,22.04.19
루이스 웨인: 사랑을 그린 고양이 화가,영화 좋네요 ㅎㅎㅎㅋ 굿!! ,8,22.04.19
배트맨,기존 히어로물과 전혀 다른 현실적임 색달랐다 몰입도 높음 평점이 왜 9점이 안넘는지 의문.. ,10,22.04.19
극장판 주술회전 0,친구 끊어줬는데 재미있다네요 ,8,22.04.19
수퍼 소닉2,게임원작 영화답게 게임속 연출을 많이 넣었다. ,6,22.04.19
롱 리브 더 킹: 목포 영웅,삼류 영화같음 이걸왜보나 싶었음 ,6,22.04.19
나부야 나부야,,10,22.04.19
신비한 동물들과 덤블도어의 비밀,해리포터를 좋아하고 사랑하지 않고 영화를 관람하지 않은사람들에게는 어려울수도 이해가 안갈수도 재미없을수도있지만 해리포터를 사랑하는 한 사람으로서는 이번 영화는 매우만족이다..마법세계에 다시한번 빠져들었고 더불어 동물들ㅇㅔ게도 빠져든… 작가의 상상력..정말 존경스럽고 그걸 기가막힌 영상으로 연출해준 감독도 너무나 대단하다.. 해리포터의 세계관을 더 이해할수 있어 행복했고 다음편도 빨리 나오기만을 기다려진다.. 케릭터 하나하나가 다 매력적이고 그 케릭들을 연기한 배우들도 너무 잘  표현한것같다 지루할 틈이 없는 영화였다 ,10,22.04.19
시간 여행자의 아내,예전에 보고 이번에 또 봤는데 그래도 신박한 내용에 여운까지 돋아요. 넘 재미있게 봤습니다! ,10,22.04.19
야차,"개인적으로 평점 잘 안남기는데 총을 쏘는데 전부뭉쳐서 다니는것부터 감독님이 미필이신가 싶었고 인물이 등장하는데 왜 나와야 하는지 개연성이떨어지고, 폭탄이 터지면 맞춰서 튕기거나 점프하려는 액션 다 보이고, 왜 일본 스파이 명단을 북한해외자본담당이 다 갖고있는지도 모르겠고 너무뻔한 캐릭터들, 많이 본듯한 뻔한 장면, 설명부족뭐 더 할말이 많으면서 없네요 ",1,22.04.19
밤과 낮,"박은혜가 진짜 조오오오오온나 이쁨. 너무나 러블리하게 나옴. 근데 막판에 개불쌍하네 ㅠㅠ근데 김영호가 정상이 아님;;;자기 도와주려는 사장이 지 이력서 갖고 있는게 싫다고 이력서 도로 가져가질 않나갑자기 상대 동의도 없이 반말하더니 너랑 자고 싶다고 하질 않나약국에서 말 안통하고 여자 많다고 콘돔 안사오는게 말이 되나 ㅋㅋㅋ연기도 뭔가 어색하고...캐릭터 자체가 좀 또라이인듯 ㅋㅋㅋ마지막에 꿈에서 도자기 떨궈서 깼다고 OO하는건 진짜 거의 싸이코패스 수준이던데...어떻게 저런 발상이 가능한건지... 감독님이 독특한건지 캐릭터가 독특한건지...암튼 김영호가 전생에 나라를 구했나, 천년에 한명 날까말까한 역대급 미녀 2명(박은혜, 황수정)과 키스신이라니... 여러모로 대박인 작품이네여 . 아참 황수정도 조오오온나 러블리하게 나옴. ",6,22.04.19
기억의 밤,초중반까지는 재미있게 봤는데 결말이....어이가없네~~? ,2,22.04.19
1987,제 인생 최고 영화입니다. ,10,22.04.19
내일의 기억,"김강우 배우님, 자주 좀 봬요~~ ",8,22.04.19
M,좋음 다시생각나는영화 ,10,22.04.19
말임씨를 부탁해,처연하도록 무겁고 아름다운 우리네 현실 ,10,22.04.19
추즈 오어 다이,킬링타임용으로 충분히 볼만함 중간에 좀 루즈 하지만 깔끔한 마무리로 속편이 기대됨 ,10,22.04.19
신비한 동물들과 덤블도어의 비밀,나름 볼만하긴 했는데 스토리 전개가 좀 급하다는 느낌이 들었어요.. 그래도 좋아하는 시리즈라 꼭 후속편 볼 수 있으면 좋겠네요 ,10,22.04.19
극락도 살인사건,지역비하 댓글이 과반이라 한심해서 쓰는 평지금의 경상도 이미지 누가 망쳤을까? ,8,22.04.19
떼시스,젖비린내 나는 애들은 평점 쓰지좀 마라 이 영화는 스너프를 소재로 한 최초의 걸작 영화다 손에 땀을 쥐면서 토요명화로 봤었지 ,10,22.04.19
신비한 동물들과 덤블도어의 비밀,4dx관에서 봐서 안 자고 버틸 수 있었다. 4편 뽑아 낼려고 어거지로 만든 영화라는게 확 느껴짐. ,1,22.04.19
문폴,"유치/노잼/미국의 지구 구하기 망작. 그러니깐 달까지 만든 고대 인류가 못이긴 ai를 미국이 이긴다는거쥐? 하여간, 허리우드식 유치뽕작 지구 구하기의 끝은 어디인가? 근데, 마지막에 2편 떡밥? 감독 보고 안봤어야 했는데~ㅋ 평점은 역시나~ㅎ ",1,22.04.19
야차,,10,22.04.19
스텔라,코믹하지만 뭔가 가슴 뭉클한 감동까지 느끼게되는 그런 영화네요 ,10,22.04.19
날씨의 아이,책을 읽고 영화를 본다면  대사 하나하나가 더 아름답게 느껴 집니다 ,10,22.04.19
